Compute_Investment,Talent_Investment,Score_Gain
0.0,0.0,4.470109575829408
3.4482758620689653,0.0,5.3972937574570565
6.896551724137931,0.0,6.567699653816862
10.344827586206897,0.0,7.992979354652555
13.793103448275861,0.0,9.65459769884814
17.241379310344826,0.0,11.49608588041902
20.689655172413794,0.0,13.425821180068652
24.137931034482758,0.0,15.332977324876573
27.586206896551722,0.0,17.111763233686734
31.034482758620687,0.0,18.68342097568982
34.48275862068965,0.0,20.007035107471058
37.93103448275862,0.0,21.077459138443327
41.37931034482759,0.0,21.915094381951285
44.82758620689655,0.0,22.55383971686044
48.275862068965516,0.0,23.031384044077942
51.72413793103448,0.0,23.383158175677437
55.172413793103445,0.0,23.639467326237565
58.62068965517241,0.0,23.824734407296564
62.068965517241374,0.0,23.957879227590873
65.51724137931033,0.0,24.053169007840694
68.9655172413793,0.0,24.12116393931934
72.41379310344827,0.0,24.169579455018987
75.86206896551724,0.0,24.204001426386593
79.3103448275862,0.0,24.228448102405938
82.75862068965517,0.0,24.245797008935376
86.20689655172413,0.0,24.25810221564261
89.6551724137931,0.0,24.26682667819995
93.10344827586206,0.0,24.27301068582035
96.55172413793103,0.0,24.277393140123767
100.0,0.0,24.28049845239627
0.0,3.4482758620689653,5.088232363581174
3.4482758620689653,3.4482758620689653,6.015416545208822
6.896551724137931,3.4482758620689653,7.185822441568627
10.344827586206897,3.4482758620689653,8.61110214240432
13.793103448275861,3.4482758620689653,10.272720486599905
17.241379310344826,3.4482758620689653,12.114208668170784
20.689655172413794,3.4482758620689653,14.043943967820416
24.137931034482758,3.4482758620689653,15.951100112628339
27.586206896551722,3.4482758620689653,17.7298860214385
31.034482758620687,3.4482758620689653,19.301543763441586
34.48275862068965,3.4482758620689653,20.625157895222824
37.93103448275862,3.4482758620689653,21.695581926195093
41.37931034482759,3.4482758620689653,22.53321716970305
44.82758620689655,3.4482758620689653,23.171962504612207
48.275862068965516,3.4482758620689653,23.649506831829708
51.72413793103448,3.4482758620689653,24.001280963429203
55.172413793103445,3.4482758620689653,24.25759011398933
58.62068965517241,3.4482758620689653,24.44285719504833
62.068965517241374,3.4482758620689653,24.576002015342638
65.51724137931033,3.4482758620689653,24.67129179559246
68.9655172413793,3.4482758620689653,24.739286727071107
72.41379310344827,3.4482758620689653,24.787702242770752
75.86206896551724,3.4482758620689653,24.82212421413836
79.3103448275862,3.4482758620689653,24.846570890157704
82.75862068965517,3.4482758620689653,24.863919796687142
86.20689655172413,3.4482758620689653,24.876225003394374
89.6551724137931,3.4482758620689653,24.884949465951717
93.10344827586206,3.4482758620689653,24.891133473572115
96.55172413793103,3.4482758620689653,24.895515927875532
100.0,3.4482758620689653,24.898621240148035
0.0,6.896551724137931,5.868502961154378
3.4482758620689653,6.896551724137931,6.795687142782025
6.896551724137931,6.896551724137931,7.966093039141832
10.344827586206897,6.896551724137931,9.391372739977525
13.793103448275861,6.896551724137931,11.052991084173108
17.241379310344826,6.896551724137931,12.894479265743989
20.689655172413794,6.896551724137931,14.824214565393621
24.137931034482758,6.896551724137931,16.731370710201542
27.586206896551722,6.896551724137931,18.510156619011703
31.034482758620687,6.896551724137931,20.08181436101479
34.48275862068965,6.896551724137931,21.405428492796027
37.93103448275862,6.896551724137931,22.475852523768296
41.37931034482759,6.896551724137931,23.313487767276253
44.82758620689655,6.896551724137931,23.95223310218541
48.275862068965516,6.896551724137931,24.42977742940291
51.72413793103448,6.896551724137931,24.781551561002406
55.172413793103445,6.896551724137931,25.037860711562534
58.62068965517241,6.896551724137931,25.223127792621533
62.068965517241374,6.896551724137931,25.35627261291584
65.51724137931033,6.896551724137931,25.451562393165663
68.9655172413793,6.896551724137931,25.51955732464431
72.41379310344827,6.896551724137931,25.567972840343955
75.86206896551724,6.896551724137931,25.602394811711562
79.3103448275862,6.896551724137931,25.626841487730907
82.75862068965517,6.896551724137931,25.644190394260345
86.20689655172413,6.896551724137931,25.656495600967578
89.6551724137931,6.896551724137931,25.66522006352492
93.10344827586206,6.896551724137931,25.671404071145318
96.55172413793103,6.896551724137931,25.675786525448736
100.0,6.896551724137931,25.67889183772124
0.0,10.344827586206897,6.818689428378173
3.4482758620689653,10.344827586206897,7.745873610005821
6.896551724137931,10.344827586206897,8.916279506365626
10.344827586206897,10.344827586206897,10.341559207201321
13.793103448275861,10.344827586206897,12.003177551396904
17.241379310344826,10.344827586206897,13.844665732967783
20.689655172413794,10.344827586206897,15.774401032617416
24.137931034482758,10.344827586206897,17.68155717742534
27.586206896551722,10.344827586206897,19.460343086235497
31.034482758620687,10.344827586206897,21.032000828238587
34.48275862068965,10.344827586206897,22.355614960019825
37.93103448275862,10.344827586206897,23.426038990992094
41.37931034482759,10.344827586206897,24.26367423450005
44.82758620689655,10.344827586206897,24.902419569409208
48.275862068965516,10.344827586206897,25.37996389662671
51.72413793103448,10.344827586206897,25.731738028226204
55.172413793103445,10.344827586206897,25.98804717878633
58.62068965517241,10.344827586206897,26.17331425984533
62.068965517241374,10.344827586206897,26.30645908013964
65.51724137931033,10.344827586206897,26.40174886038946
68.9655172413793,10.344827586206897,26.469743791868108
72.41379310344827,10.344827586206897,26.518159307567753
75.86206896551724,10.344827586206897,26.55258127893536
79.3103448275862,10.344827586206897,26.577027954954705
82.75862068965517,10.344827586206897,26.594376861484143
86.20689655172413,10.344827586206897,26.606682068191375
89.6551724137931,10.344827586206897,26.615406530748718
93.10344827586206,10.344827586206897,26.621590538369116
96.55172413793103,10.344827586206897,26.625972992672533
100.0,10.344827586206897,26.629078304945036
0.0,13.793103448275861,7.926434991175229
3.4482758620689653,13.793103448275861,8.853619172802876
6.896551724137931,13.793103448275861,10.024025069162683
10.344827586206897,13.793103448275861,11.449304769998376
13.793103448275861,13.793103448275861,13.110923114193959
17.241379310344826,13.793103448275861,14.95241129576484
20.689655172413794,13.793103448275861,16.882146595414472
24.137931034482758,13.793103448275861,18.789302740222396
27.586206896551722,13.793103448275861,20.568088649032553
31.034482758620687,13.793103448275861,22.139746391035644
34.48275862068965,13.793103448275861,23.463360522816878
37.93103448275862,13.793103448275861,24.533784553789147
41.37931034482759,13.793103448275861,25.371419797297108
44.82758620689655,13.793103448275861,26.01016513220626
48.275862068965516,13.793103448275861,26.487709459423762
51.72413793103448,13.793103448275861,26.83948359102326
55.172413793103445,13.793103448275861,27.095792741583388
58.62068965517241,13.793103448275861,27.281059822642383
62.068965517241374,13.793103448275861,27.414204642936696
65.51724137931033,13.793103448275861,27.509494423186517
68.9655172413793,13.793103448275861,27.57748935466516
72.41379310344827,13.793103448275861,27.625904870364806
75.86206896551724,13.793103448275861,27.660326841732413
79.3103448275862,13.793103448275861,27.684773517751758
82.75862068965517,13.793103448275861,27.7021224242812
86.20689655172413,13.793103448275861,27.714427630988432
89.6551724137931,13.793103448275861,27.72315209354577
93.10344827586206,13.793103448275861,27.72933610116617
96.55172413793103,13.793103448275861,27.733718555469586
100.0,13.793103448275861,27.73682386774209
0.0,17.241379310344826,9.15409377888915
3.4482758620689653,17.241379310344826,10.081277960516797
6.896551724137931,17.241379310344826,11.251683856876603
10.344827586206897,17.241379310344826,12.676963557712297
13.793103448275861,17.241379310344826,14.33858190190788
17.241379310344826,17.241379310344826,16.18007008347876
20.689655172413794,17.241379310344826,18.109805383128393
24.137931034482758,17.241379310344826,20.016961527936317
27.586206896551722,17.241379310344826,21.795747436746474
31.034482758620687,17.241379310344826,23.367405178749564
34.48275862068965,17.241379310344826,24.6910193105308
37.93103448275862,17.241379310344826,25.761443341503067
41.37931034482759,17.241379310344826,26.59907858501103
44.82758620689655,17.241379310344826,27.23782391992018
48.275862068965516,17.241379310344826,27.715368247137683
51.72413793103448,17.241379310344826,28.06714237873718
55.172413793103445,17.241379310344826,28.32345152929731
58.62068965517241,17.241379310344826,28.508718610356304
62.068965517241374,17.241379310344826,28.641863430650616
65.51724137931033,17.241379310344826,28.737153210900438
68.9655172413793,17.241379310344826,28.805148142379082
72.41379310344827,17.241379310344826,28.853563658078727
75.86206896551724,17.241379310344826,28.887985629446334
79.3103448275862,17.241379310344826,28.91243230546568
82.75862068965517,17.241379310344826,28.92978121199512
86.20689655172413,17.241379310344826,28.942086418702353
89.6551724137931,17.241379310344826,28.95081088125969
93.10344827586206,17.241379310344826,28.95699488888009
96.55172413793103,17.241379310344826,28.961377343183507
100.0,17.241379310344826,28.96448265545601
0.0,20.689655172413794,10.440583978655571
3.4482758620689653,20.689655172413794,11.36776816028322
6.896551724137931,20.689655172413794,12.538174056643024
10.344827586206897,20.689655172413794,13.963453757478717
13.793103448275861,20.689655172413794,15.625072101674302
17.241379310344826,20.689655172413794,17.46656028324518
20.689655172413794,20.689655172413794,19.396295582894815
24.137931034482758,20.689655172413794,21.303451727702736
27.586206896551722,20.689655172413794,23.082237636512893
31.034482758620687,20.689655172413794,24.653895378515983
34.48275862068965,20.689655172413794,25.97750951029722
37.93103448275862,20.689655172413794,27.04793354126949
41.37931034482759,20.689655172413794,27.885568784777448
44.82758620689655,20.689655172413794,28.524314119686604
48.275862068965516,20.689655172413794,29.001858446904105
51.72413793103448,20.689655172413794,29.3536325785036
55.172413793103445,20.689655172413794,29.609941729063728
58.62068965517241,20.689655172413794,29.795208810122727
62.068965517241374,20.689655172413794,29.928353630417035
65.51724137931033,20.689655172413794,30.023643410666857
68.9655172413793,20.689655172413794,30.091638342145504
72.41379310344827,20.689655172413794,30.14005385784515
75.86206896551724,20.689655172413794,30.174475829212756
79.3103448275862,20.689655172413794,30.1989225052321
82.75862068965517,20.689655172413794,30.21627141176154
86.20689655172413,20.689655172413794,30.22857661846877
89.6551724137931,20.689655172413794,30.237301081026114
93.10344827586206,20.689655172413794,30.243485088646512
96.55172413793103,20.689655172413794,30.24786754294993
100.0,20.689655172413794,30.250972855222432
0.0,24.137931034482758,11.71202140852752
3.4482758620689653,24.137931034482758,12.639205590155168
6.896551724137931,24.137931034482758,13.809611486514973
10.344827586206897,24.137931034482758,15.234891187350666
13.793103448275861,24.137931034482758,16.89650953154625
17.241379310344826,24.137931034482758,18.73799771311713
20.689655172413794,24.137931034482758,20.66773301276676
24.137931034482758,24.137931034482758,22.574889157574685
27.586206896551722,24.137931034482758,24.353675066384845
31.034482758620687,24.137931034482758,25.92533280838793
34.48275862068965,24.137931034482758,27.24894694016917
37.93103448275862,24.137931034482758,28.31937097114144
41.37931034482759,24.137931034482758,29.157006214649396
44.82758620689655,24.137931034482758,29.795751549558553
48.275862068965516,24.137931034482758,30.273295876776054
51.72413793103448,24.137931034482758,30.62507000837555
55.172413793103445,24.137931034482758,30.881379158935676
58.62068965517241,24.137931034482758,31.066646239994675
62.068965517241374,24.137931034482758,31.199791060288984
65.51724137931033,24.137931034482758,31.295080840538805
68.9655172413793,24.137931034482758,31.363075772017453
72.41379310344827,24.137931034482758,31.411491287717098
75.86206896551724,24.137931034482758,31.445913259084705
79.3103448275862,24.137931034482758,31.47035993510405
82.75862068965517,24.137931034482758,31.487708841633488
86.20689655172413,24.137931034482758,31.50001404834072
89.6551724137931,24.137931034482758,31.508738510898063
93.10344827586206,24.137931034482758,31.51492251851846
96.55172413793103,24.137931034482758,31.519304972821878
100.0,24.137931034482758,31.52241028509438
0.0,27.586206896551722,12.897878681067626
3.4482758620689653,27.586206896551722,13.825062862695273
6.896551724137931,27.586206896551722,14.995468759055079
10.344827586206897,27.586206896551722,16.420748459890774
13.793103448275861,27.586206896551722,18.082366804086355
17.241379310344826,27.586206896551722,19.923854985657236
20.689655172413794,27.586206896551722,21.85359028530687
24.137931034482758,27.586206896551722,23.760746430114793
27.586206896551722,27.586206896551722,25.53953233892495
31.034482758620687,27.586206896551722,27.11119008092804
34.48275862068965,27.586206896551722,28.434804212709274
37.93103448275862,27.586206896551722,29.505228243681543
41.37931034482759,27.586206896551722,30.342863487189504
44.82758620689655,27.586206896551722,30.981608822098657
48.275862068965516,27.586206896551722,31.45915314931616
51.72413793103448,27.586206896551722,31.810927280915656
55.172413793103445,27.586206896551722,32.067236431475784
58.62068965517241,27.586206896551722,32.25250351253478
62.068965517241374,27.586206896551722,32.38564833282909
65.51724137931033,27.586206896551722,32.48093811307891
68.9655172413793,27.586206896551722,32.54893304455756
72.41379310344827,27.586206896551722,32.5973485602572
75.86206896551724,27.586206896551722,32.63177053162481
79.3103448275862,27.586206896551722,32.656217207644154
82.75862068965517,27.586206896551722,32.673566114173596
86.20689655172413,27.586206896551722,32.68587132088083
89.6551724137931,27.586206896551722,32.69459578343817
93.10344827586206,27.586206896551722,32.700779791058565
96.55172413793103,27.586206896551722,32.70516224536198
100.0,27.586206896551722,32.708267557634485
0.0,31.034482758620687,13.945650509069685
3.4482758620689653,31.034482758620687,14.872834690697331
6.896551724137931,31.034482758620687,16.043240587057138
10.344827586206897,31.034482758620687,17.46852028789283
13.793103448275861,31.034482758620687,19.130138632088414
17.241379310344826,31.034482758620687,20.971626813659295
20.689655172413794,31.034482758620687,22.901362113308927
24.137931034482758,31.034482758620687,24.808518258116848
27.586206896551722,31.034482758620687,26.58730416692701
31.034482758620687,31.034482758620687,28.158961908930095
34.48275862068965,31.034482758620687,29.482576040711336
37.93103448275862,31.034482758620687,30.553000071683606
41.37931034482759,31.034482758620687,31.39063531519156
44.82758620689655,31.034482758620687,32.02938065010072
48.275862068965516,31.034482758620687,32.50692497731822
51.72413793103448,31.034482758620687,32.85869910891771
55.172413793103445,31.034482758620687,33.11500825947784
58.62068965517241,31.034482758620687,33.30027534053684
62.068965517241374,31.034482758620687,33.43342016083115
65.51724137931033,31.034482758620687,33.52870994108097
68.9655172413793,31.034482758620687,33.59670487255962
72.41379310344827,31.034482758620687,33.645120388259265
75.86206896551724,31.034482758620687,33.67954235962687
79.3103448275862,31.034482758620687,33.70398903564622
82.75862068965517,31.034482758620687,33.72133794217565
86.20689655172413,31.034482758620687,33.733643148882884
89.6551724137931,31.034482758620687,33.74236761144023
93.10344827586206,31.034482758620687,33.74855161906063
96.55172413793103,31.034482758620687,33.752934073364045
100.0,31.034482758620687,33.75603938563655
0.0,34.48275862068965,14.828059930257176
3.4482758620689653,34.48275862068965,15.755244111884824
6.896551724137931,34.48275862068965,16.92565000824463
10.344827586206897,34.48275862068965,18.350929709080322
13.793103448275861,34.48275862068965,20.012548053275907
17.241379310344826,34.48275862068965,21.854036234846788
20.689655172413794,34.48275862068965,23.783771534496417
24.137931034482758,34.48275862068965,25.69092767930434
27.586206896551722,34.48275862068965,27.4697135881145
31.034482758620687,34.48275862068965,29.041371330117588
34.48275862068965,34.48275862068965,30.364985461898826
37.93103448275862,34.48275862068965,31.435409492871095
41.37931034482759,34.48275862068965,32.27304473637905
44.82758620689655,34.48275862068965,32.91179007128821
48.275862068965516,34.48275862068965,33.38933439850571
51.72413793103448,34.48275862068965,33.74110853010521
55.172413793103445,34.48275862068965,33.997417680665336
58.62068965517241,34.48275862068965,34.18268476172433
62.068965517241374,34.48275862068965,34.31582958201864
65.51724137931033,34.48275862068965,34.411119362268465
68.9655172413793,34.48275862068965,34.47911429374711
72.41379310344827,34.48275862068965,34.527529809446754
75.86206896551724,34.48275862068965,34.56195178081436
79.3103448275862,34.48275862068965,34.586398456833706
82.75862068965517,34.48275862068965,34.60374736336314
86.20689655172413,34.48275862068965,34.61605257007038
89.6551724137931,34.48275862068965,34.62477703262772
93.10344827586206,34.48275862068965,34.63096104024812
96.55172413793103,34.48275862068965,34.635343494551535
100.0,34.48275862068965,34.63844880682404
0.0,37.93103448275862,15.541675950905356
3.4482758620689653,37.93103448275862,16.468860132533003
6.896551724137931,37.93103448275862,17.63926602889281
10.344827586206897,37.93103448275862,19.0645457297285
13.793103448275861,37.93103448275862,20.726164073924085
17.241379310344826,37.93103448275862,22.567652255494966
20.689655172413794,37.93103448275862,24.4973875551446
24.137931034482758,37.93103448275862,26.40454369995252
27.586206896551722,37.93103448275862,28.18332960876268
31.034482758620687,37.93103448275862,29.754987350765767
34.48275862068965,37.93103448275862,31.078601482547008
37.93103448275862,37.93103448275862,32.14902551351928
41.37931034482759,37.93103448275862,32.98666075702723
44.82758620689655,37.93103448275862,33.62540609193639
48.275862068965516,37.93103448275862,34.10295041915389
51.72413793103448,37.93103448275862,34.45472455075338
55.172413793103445,37.93103448275862,34.71103370131351
58.62068965517241,37.93103448275862,34.89630078237251
62.068965517241374,37.93103448275862,35.02944560266682
65.51724137931033,37.93103448275862,35.12473538291664
68.9655172413793,37.93103448275862,35.19273031439529
72.41379310344827,37.93103448275862,35.241145830094936
75.86206896551724,37.93103448275862,35.27556780146254
79.3103448275862,37.93103448275862,35.30001447748189
82.75862068965517,37.93103448275862,35.31736338401132
86.20689655172413,37.93103448275862,35.329668590718555
89.6551724137931,37.93103448275862,35.3383930532759
93.10344827586206,37.93103448275862,35.3445770608963
96.55172413793103,37.93103448275862,35.34895951519972
100.0,37.93103448275862,35.35206482747222
0.0,41.37931034482759,16.100099446577328
3.4482758620689653,41.37931034482759,17.027283628204977
6.896551724137931,41.37931034482759,18.19768952456478
10.344827586206897,41.37931034482759,19.622969225400475
13.793103448275861,41.37931034482759,21.28458756959606
17.241379310344826,41.37931034482759,23.126075751166937
20.689655172413794,41.37931034482759,25.055811050816573
24.137931034482758,41.37931034482759,26.962967195624493
27.586206896551722,41.37931034482759,28.74175310443465
31.034482758620687,41.37931034482759,30.31341084643774
34.48275862068965,41.37931034482759,31.637024978218978
37.93103448275862,41.37931034482759,32.70744900919125
41.37931034482759,41.37931034482759,33.545084252699205
44.82758620689655,41.37931034482759,34.18382958760836
48.275862068965516,41.37931034482759,34.66137391482586
51.72413793103448,41.37931034482759,35.01314804642536
55.172413793103445,41.37931034482759,35.269457196985485
58.62068965517241,41.37931034482759,35.45472427804448
62.068965517241374,41.37931034482759,35.58786909833879
65.51724137931033,41.37931034482759,35.683158878588614
68.9655172413793,41.37931034482759,35.751153810067265
72.41379310344827,41.37931034482759,35.79956932576691
75.86206896551724,41.37931034482759,35.83399129713452
79.3103448275862,41.37931034482759,35.858437973153855
82.75862068965517,41.37931034482759,35.8757868796833
86.20689655172413,41.37931034482759,35.88809208639053
89.6551724137931,41.37931034482759,35.89681654894787
93.10344827586206,41.37931034482759,35.90300055656827
96.55172413793103,41.37931034482759,35.90738301087168
100.0,41.37931034482759,35.91048832314419
0.0,44.82758620689655,16.525929669850097
3.4482758620689653,44.82758620689655,17.453113851477745
6.896551724137931,44.82758620689655,18.623519747837552
10.344827586206897,44.82758620689655,20.048799448673243
13.793103448275861,44.82758620689655,21.710417792868828
17.241379310344826,44.82758620689655,23.55190597443971
20.689655172413794,44.82758620689655,25.48164127408934
24.137931034482758,44.82758620689655,27.388797418897262
27.586206896551722,44.82758620689655,29.167583327707423
31.034482758620687,44.82758620689655,30.73924106971051
34.48275862068965,44.82758620689655,32.06285520149175
37.93103448275862,44.82758620689655,33.13327923246402
41.37931034482759,44.82758620689655,33.97091447597197
44.82758620689655,44.82758620689655,34.60965981088113
48.275862068965516,44.82758620689655,35.087204138098635
51.72413793103448,44.82758620689655,35.438978269698126
55.172413793103445,44.82758620689655,35.69528742025825
58.62068965517241,44.82758620689655,35.880554501317256
62.068965517241374,44.82758620689655,36.01369932161156
65.51724137931033,44.82758620689655,36.10898910186138
68.9655172413793,44.82758620689655,36.176984033340034
72.41379310344827,44.82758620689655,36.22539954903968
75.86206896551724,44.82758620689655,36.259821520407286
79.3103448275862,44.82758620689655,36.28426819642663
82.75862068965517,44.82758620689655,36.301617102956065
86.20689655172413,44.82758620689655,36.3139223096633
89.6551724137931,44.82758620689655,36.322646772220644
93.10344827586206,44.82758620689655,36.32883077984104
96.55172413793103,44.82758620689655,36.33321323414446
100.0,44.82758620689655,36.33631854641696
0.0,48.275862068965516,16.844292554661763
3.4482758620689653,48.275862068965516,17.77147673628941
6.896551724137931,48.275862068965516,18.941882632649218
10.344827586206897,48.275862068965516,20.367162333484913
13.793103448275861,48.275862068965516,22.028780677680494
17.241379310344826,48.275862068965516,23.870268859251375
20.689655172413794,48.275862068965516,25.800004158901007
24.137931034482758,48.275862068965516,27.707160303708932
27.586206896551722,48.275862068965516,29.48594621251909
31.034482758620687,48.275862068965516,31.05760395452218
34.48275862068965,48.275862068965516,32.38121808630341
37.93103448275862,48.275862068965516,33.45164211727568
41.37931034482759,48.275862068965516,34.28927736078364
44.82758620689655,48.275862068965516,34.928022695692796
48.275862068965516,48.275862068965516,35.4055670229103
51.72413793103448,48.275862068965516,35.757341154509795
55.172413793103445,48.275862068965516,36.01365030506992
58.62068965517241,48.275862068965516,36.19891738612892
62.068965517241374,48.275862068965516,36.33206220642323
65.51724137931033,48.275862068965516,36.42735198667305
68.9655172413793,48.275862068965516,36.4953469181517
72.41379310344827,48.275862068965516,36.54376243385134
75.86206896551724,48.275862068965516,36.57818440521895
79.3103448275862,48.275862068965516,36.60263108123829
82.75862068965517,48.275862068965516,36.619979987767735
86.20689655172413,48.275862068965516,36.63228519447497
89.6551724137931,48.275862068965516,36.641009657032306
93.10344827586206,48.275862068965516,36.647193664652704
96.55172413793103,48.275862068965516,36.65157611895612
100.0,48.275862068965516,36.654681431228624
0.0,51.72413793103448,17.078808642394762
3.4482758620689653,51.72413793103448,18.00599282402241
6.896551724137931,51.72413793103448,19.176398720382217
10.344827586206897,51.72413793103448,20.60167842121791
13.793103448275861,51.72413793103448,22.263296765413493
17.241379310344826,51.72413793103448,24.104784946984374
20.689655172413794,51.72413793103448,26.034520246634003
24.137931034482758,51.72413793103448,27.941676391441927
27.586206896551722,51.72413793103448,29.720462300252088
31.034482758620687,51.72413793103448,31.292120042255174
34.48275862068965,51.72413793103448,32.61573417403641
37.93103448275862,51.72413793103448,33.68615820500868
41.37931034482759,51.72413793103448,34.52379344851664
44.82758620689655,51.72413793103448,35.162538783425795
48.275862068965516,51.72413793103448,35.640083110643296
51.72413793103448,51.72413793103448,35.99185724224279
55.172413793103445,51.72413793103448,36.248166392802915
58.62068965517241,51.72413793103448,36.43343347386192
62.068965517241374,51.72413793103448,36.56657829415623
65.51724137931033,51.72413793103448,36.661868074406044
68.9655172413793,51.72413793103448,36.729863005884695
72.41379310344827,51.72413793103448,36.77827852158434
75.86206896551724,51.72413793103448,36.81270049295195
79.3103448275862,51.72413793103448,36.83714716897129
82.75862068965517,51.72413793103448,36.854496075500734
86.20689655172413,51.72413793103448,36.86680128220796
89.6551724137931,51.72413793103448,36.875525744765305
93.10344827586206,51.72413793103448,36.8817097523857
96.55172413793103,51.72413793103448,36.88609220668912
100.0,51.72413793103448,36.88919751896162
0.0,55.172413793103445,17.249681409434846
3.4482758620689653,55.172413793103445,18.176865591062494
6.896551724137931,55.172413793103445,19.347271487422297
10.344827586206897,55.172413793103445,20.772551188257992
13.793103448275861,55.172413793103445,22.434169532453577
17.241379310344826,55.172413793103445,24.275657714024454
20.689655172413794,55.172413793103445,26.20539301367409
24.137931034482758,55.172413793103445,28.11254915848201
27.586206896551722,55.172413793103445,29.891335067292168
31.034482758620687,55.172413793103445,31.462992809295258
34.48275862068965,55.172413793103445,32.7866069410765
37.93103448275862,55.172413793103445,33.85703097204876
41.37931034482759,55.172413793103445,34.69466621555672
44.82758620689655,55.172413793103445,35.33341155046588
48.275862068965516,55.172413793103445,35.810955877683384
51.72413793103448,55.172413793103445,36.162730009282875
55.172413793103445,55.172413793103445,36.419039159843
58.62068965517241,55.172413793103445,36.604306240902005
62.068965517241374,55.172413793103445,36.73745106119631
65.51724137931033,55.172413793103445,36.83274084144613
68.9655172413793,55.172413793103445,36.900735772924776
72.41379310344827,55.172413793103445,36.94915128862442
75.86206896551724,55.172413793103445,36.98357325999203
79.3103448275862,55.172413793103445,37.00801993601138
82.75862068965517,55.172413793103445,37.025368842540814
86.20689655172413,55.172413793103445,37.03767404924805
89.6551724137931,55.172413793103445,37.04639851180539
93.10344827586206,55.172413793103445,37.05258251942578
96.55172413793103,55.172413793103445,37.05696497372921
100.0,55.172413793103445,37.060070286001704
0.0,58.62068965517241,17.373192796807512
3.4482758620689653,58.62068965517241,18.30037697843516
6.896551724137931,58.62068965517241,19.470782874794963
10.344827586206897,58.62068965517241,20.89606257563066
13.793103448275861,58.62068965517241,22.557680919826243
17.241379310344826,58.62068965517241,24.39916910139712
20.689655172413794,58.62068965517241,26.328904401046756
24.137931034482758,58.62068965517241,28.236060545854677
27.586206896551722,58.62068965517241,30.014846454664834
31.034482758620687,58.62068965517241,31.586504196667924
34.48275862068965,58.62068965517241,32.91011832844916
37.93103448275862,58.62068965517241,33.980542359421435
41.37931034482759,58.62068965517241,34.81817760292939
44.82758620689655,58.62068965517241,35.45692293783854
48.275862068965516,58.62068965517241,35.93446726505604
51.72413793103448,58.62068965517241,36.28624139665554
55.172413793103445,58.62068965517241,36.54255054721567
58.62068965517241,58.62068965517241,36.727817628274664
62.068965517241374,58.62068965517241,36.860962448568976
65.51724137931033,58.62068965517241,36.9562522288188
68.9655172413793,58.62068965517241,37.02424716029745
72.41379310344827,58.62068965517241,37.072662675997094
75.86206896551724,58.62068965517241,37.1070846473647
79.3103448275862,58.62068965517241,37.13153132338404
82.75862068965517,58.62068965517241,37.14888022991348
86.20689655172413,58.62068965517241,37.16118543662071
89.6551724137931,58.62068965517241,37.16990989917805
93.10344827586206,58.62068965517241,37.17609390679846
96.55172413793103,58.62068965517241,37.18047636110187
100.0,58.62068965517241,37.18358167337438
0.0,62.068965517241374,17.46195601033705
3.4482758620689653,62.068965517241374,18.3891401919647
6.896551724137931,62.068965517241374,19.559546088324502
10.344827586206897,62.068965517241374,20.984825789160197
13.793103448275861,62.068965517241374,22.646444133355782
17.241379310344826,62.068965517241374,24.48793231492666
20.689655172413794,62.068965517241374,26.417667614576295
24.137931034482758,62.068965517241374,28.324823759384216
27.586206896551722,62.068965517241374,30.103609668194373
31.034482758620687,62.068965517241374,31.675267410197463
34.48275862068965,62.068965517241374,32.998881541978704
37.93103448275862,62.068965517241374,34.06930557295097
41.37931034482759,62.068965517241374,34.90694081645893
44.82758620689655,62.068965517241374,35.54568615136809
48.275862068965516,62.068965517241374,36.02323047858559
51.72413793103448,62.068965517241374,36.37500461018508
55.172413793103445,62.068965517241374,36.63131376074521
58.62068965517241,62.068965517241374,36.81658084180421
62.068965517241374,62.068965517241374,36.949725662098515
65.51724137931033,62.068965517241374,37.04501544234834
68.9655172413793,62.068965517241374,37.11301037382698
72.41379310344827,62.068965517241374,37.161425889526626
75.86206896551724,62.068965517241374,37.19584786089423
79.3103448275862,62.068965517241374,37.220294536913585
82.75862068965517,62.068965517241374,37.23764344344302
86.20689655172413,62.068965517241374,37.24994865015025
89.6551724137931,62.068965517241374,37.2586731127076
93.10344827586206,62.068965517241374,37.26485712032799
96.55172413793103,62.068965517241374,37.26923957463141
100.0,62.068965517241374,37.27234488690391
0.0,65.51724137931033,17.5254825305036
3.4482758620689653,65.51724137931033,18.452666712131247
6.896551724137931,65.51724137931033,19.623072608491054
10.344827586206897,65.51724137931033,21.048352309326745
13.793103448275861,65.51724137931033,22.70997065352233
17.241379310344826,65.51724137931033,24.55145883509321
20.689655172413794,65.51724137931033,26.481194134742843
24.137931034482758,65.51724137931033,28.388350279550764
27.586206896551722,65.51724137931033,30.167136188360924
31.034482758620687,65.51724137931033,31.73879393036401
34.48275862068965,65.51724137931033,33.06240806214525
37.93103448275862,65.51724137931033,34.13283209311752
41.37931034482759,65.51724137931033,34.970467336625475
44.82758620689655,65.51724137931033,35.609212671534635
48.275862068965516,65.51724137931033,36.086756998752136
51.72413793103448,65.51724137931033,36.43853113035163
55.172413793103445,65.51724137931033,36.694840280911755
58.62068965517241,65.51724137931033,36.88010736197076
62.068965517241374,65.51724137931033,37.01325218226506
65.51724137931033,65.51724137931033,37.108541962514884
68.9655172413793,65.51724137931033,37.176536893993536
72.41379310344827,65.51724137931033,37.22495240969318
75.86206896551724,65.51724137931033,37.25937438106079
79.3103448275862,65.51724137931033,37.28382105708013
82.75862068965517,65.51724137931033,37.30116996360957
86.20689655172413,65.51724137931033,37.3134751703168
89.6551724137931,65.51724137931033,37.322199632874145
93.10344827586206,65.51724137931033,37.32838364049454
96.55172413793103,65.51724137931033,37.33276609479796
100.0,65.51724137931033,37.335871407070464
0.0,68.9655172413793,17.570812484822696
3.4482758620689653,68.9655172413793,18.497996666450344
6.896551724137931,68.9655172413793,19.66840256281015
10.344827586206897,68.9655172413793,21.093682263645846
13.793103448275861,68.9655172413793,22.755300607841427
17.241379310344826,68.9655172413793,24.596788789412308
20.689655172413794,68.9655172413793,26.52652408906194
24.137931034482758,68.9655172413793,28.433680233869865
27.586206896551722,68.9655172413793,30.21246614268002
31.034482758620687,68.9655172413793,31.784123884683112
34.48275862068965,68.9655172413793,33.107738016464346
37.93103448275862,68.9655172413793,34.178162047436615
41.37931034482759,68.9655172413793,35.015797290944576
44.82758620689655,68.9655172413793,35.65454262585373
48.275862068965516,68.9655172413793,36.13208695307123
51.72413793103448,68.9655172413793,36.48386108467073
55.172413793103445,68.9655172413793,36.740170235230856
58.62068965517241,68.9655172413793,36.92543731628985
62.068965517241374,68.9655172413793,37.058582136584164
65.51724137931033,68.9655172413793,37.153871916833985
68.9655172413793,68.9655172413793,37.22186684831263
72.41379310344827,68.9655172413793,37.270282364012274
75.86206896551724,68.9655172413793,37.30470433537988
79.3103448275862,68.9655172413793,37.329151011399226
82.75862068965517,68.9655172413793,37.34649991792867
86.20689655172413,68.9655172413793,37.3588051246359
89.6551724137931,68.9655172413793,37.36752958719324
93.10344827586206,68.9655172413793,37.37371359481364
96.55172413793103,68.9655172413793,37.378096049117055
100.0,68.9655172413793,37.38120136138956
0.0,72.41379310344827,17.60308949528913
3.4482758620689653,72.41379310344827,18.530273676916778
6.896551724137931,72.41379310344827,19.70067957327658
10.344827586206897,72.41379310344827,21.125959274112276
13.793103448275861,72.41379310344827,22.78757761830786
17.241379310344826,72.41379310344827,24.629065799878738
20.689655172413794,72.41379310344827,26.558801099528374
24.137931034482758,72.41379310344827,28.465957244336295
27.586206896551722,72.41379310344827,30.24474315314645
31.034482758620687,72.41379310344827,31.816400895149542
34.48275862068965,72.41379310344827,33.14001502693078
37.93103448275862,72.41379310344827,34.210439057903045
41.37931034482759,72.41379310344827,35.048074301411006
44.82758620689655,72.41379310344827,35.686819636320166
48.275862068965516,72.41379310344827,36.16436396353767
51.72413793103448,72.41379310344827,36.51613809513716
55.172413793103445,72.41379310344827,36.772447245697286
58.62068965517241,72.41379310344827,36.95771432675629
62.068965517241374,72.41379310344827,37.090859147050594
65.51724137931033,72.41379310344827,37.186148927300415
68.9655172413793,72.41379310344827,37.25414385877906
72.41379310344827,72.41379310344827,37.302559374478705
75.86206896551724,72.41379310344827,37.33698134584631
79.3103448275862,72.41379310344827,37.36142802186566
82.75862068965517,72.41379310344827,37.3787769283951
86.20689655172413,72.41379310344827,37.39108213510233
89.6551724137931,72.41379310344827,37.399806597659676
93.10344827586206,72.41379310344827,37.40599060528007
96.55172413793103,72.41379310344827,37.41037305958349
100.0,72.41379310344827,37.41347837185599
0.0,75.86206896551724,17.626037476200867
3.4482758620689653,75.86206896551724,18.553221657828516
6.896551724137931,75.86206896551724,19.72362755418832
10.344827586206897,75.86206896551724,21.148907255024014
13.793103448275861,75.86206896551724,22.8105255992196
17.241379310344826,75.86206896551724,24.652013780790476
20.689655172413794,75.86206896551724,26.58174908044011
24.137931034482758,75.86206896551724,28.488905225248033
27.586206896551722,75.86206896551724,30.26769113405819
31.034482758620687,75.86206896551724,31.83934887606128
34.48275862068965,75.86206896551724,33.16296300784252
37.93103448275862,75.86206896551724,34.23338703881478
41.37931034482759,75.86206896551724,35.071022282322744
44.82758620689655,75.86206896551724,35.709767617231904
48.275862068965516,75.86206896551724,36.187311944449405
51.72413793103448,75.86206896551724,36.539086076048896
55.172413793103445,75.86206896551724,36.795395226609024
58.62068965517241,75.86206896551724,36.98066230766803
62.068965517241374,75.86206896551724,37.11380712796233
65.51724137931033,75.86206896551724,37.20909690821215
68.9655172413793,75.86206896551724,37.2770918396908
72.41379310344827,75.86206896551724,37.32550735539044
75.86206896551724,75.86206896551724,37.35992932675805
79.3103448275862,75.86206896551724,37.3843760027774
82.75862068965517,75.86206896551724,37.401724909306836
86.20689655172413,75.86206896551724,37.41403011601407
89.6551724137931,75.86206896551724,37.422754578571414
93.10344827586206,75.86206896551724,37.428938586191805
96.55172413793103,75.86206896551724,37.43332104049523
100.0,75.86206896551724,37.436426352767725
0.0,79.3103448275862,17.642335260213763
3.4482758620689653,79.3103448275862,18.56951944184141
6.896551724137931,79.3103448275862,19.739925338201218
10.344827586206897,79.3103448275862,21.16520503903691
13.793103448275861,79.3103448275862,22.826823383232494
17.241379310344826,79.3103448275862,24.668311564803375
20.689655172413794,79.3103448275862,26.598046864453003
24.137931034482758,79.3103448275862,28.505203009260928
27.586206896551722,79.3103448275862,30.28398891807109
31.034482758620687,79.3103448275862,31.855646660074175
34.48275862068965,79.3103448275862,33.17926079185541
37.93103448275862,79.3103448275862,34.24968482282768
41.37931034482759,79.3103448275862,35.087320066335636
44.82758620689655,79.3103448275862,35.726065401244796
48.275862068965516,79.3103448275862,36.2036097284623
51.72413793103448,79.3103448275862,36.555383860061795
55.172413793103445,79.3103448275862,36.81169301062192
58.62068965517241,79.3103448275862,36.99696009168092
62.068965517241374,79.3103448275862,37.130104911975224
65.51724137931033,79.3103448275862,37.22539469222505
68.9655172413793,79.3103448275862,37.293389623703696
72.41379310344827,79.3103448275862,37.34180513940334
75.86206896551724,79.3103448275862,37.37622711077095
79.3103448275862,79.3103448275862,37.40067378679029
82.75862068965517,79.3103448275862,37.41802269331973
86.20689655172413,79.3103448275862,37.43032790002697
89.6551724137931,79.3103448275862,37.439052362584306
93.10344827586206,79.3103448275862,37.445236370204704
96.55172413793103,79.3103448275862,37.44961882450812
100.0,79.3103448275862,37.452724136780624
0.0,82.75862068965517,17.65390119790005
3.4482758620689653,82.75862068965517,18.5810853795277
6.896551724137931,82.75862068965517,19.751491275887506
10.344827586206897,82.75862068965517,21.176770976723198
13.793103448275861,82.75862068965517,22.838389320918782
17.241379310344826,82.75862068965517,24.679877502489663
20.689655172413794,82.75862068965517,26.609612802139296
24.137931034482758,82.75862068965517,28.516768946947217
27.586206896551722,82.75862068965517,30.295554855757377
31.034482758620687,82.75862068965517,31.867212597760464
34.48275862068965,82.75862068965517,33.190826729541705
37.93103448275862,82.75862068965517,34.261250760513974
41.37931034482759,82.75862068965517,35.09888600402193
44.82758620689655,82.75862068965517,35.73763133893109
48.275862068965516,82.75862068965517,36.21517566614859
51.72413793103448,82.75862068965517,36.56694979774808
55.172413793103445,82.75862068965517,36.82325894830821
58.62068965517241,82.75862068965517,37.00852602936721
62.068965517241374,82.75862068965517,37.141670849661516
65.51724137931033,82.75862068965517,37.23696062991134
68.9655172413793,82.75862068965517,37.30495556138999
72.41379310344827,82.75862068965517,37.35337107708963
75.86206896551724,82.75862068965517,37.38779304845724
79.3103448275862,82.75862068965517,37.412239724476585
82.75862068965517,82.75862068965517,37.42958863100602
86.20689655172413,82.75862068965517,37.44189383771325
89.6551724137931,82.75862068965517,37.4506183002706
93.10344827586206,82.75862068965517,37.456802307890996
96.55172413793103,82.75862068965517,37.461184762194414
100.0,82.75862068965517,37.464290074466916
0.0,86.20689655172413,17.66210466903821
3.4482758620689653,86.20689655172413,18.58928885066586
6.896551724137931,86.20689655172413,19.759694747025662
10.344827586206897,86.20689655172413,21.184974447861357
13.793103448275861,86.20689655172413,22.846592792056942
17.241379310344826,86.20689655172413,24.68808097362782
20.689655172413794,86.20689655172413,26.617816273277455
24.137931034482758,86.20689655172413,28.524972418085376
27.586206896551722,86.20689655172413,30.303758326895533
31.034482758620687,86.20689655172413,31.875416068898623
34.48275862068965,86.20689655172413,33.19903020067986
37.93103448275862,86.20689655172413,34.269454231652134
41.37931034482759,86.20689655172413,35.10708947516009
44.82758620689655,86.20689655172413,35.74583481006924
48.275862068965516,86.20689655172413,36.22337913728674
51.72413793103448,86.20689655172413,36.57515326888624
55.172413793103445,86.20689655172413,36.83146241944637
58.62068965517241,86.20689655172413,37.01672950050536
62.068965517241374,86.20689655172413,37.149874320799675
65.51724137931033,86.20689655172413,37.2451641010495
68.9655172413793,86.20689655172413,37.31315903252815
72.41379310344827,86.20689655172413,37.36157454822779
75.86206896551724,86.20689655172413,37.3959965195954
79.3103448275862,86.20689655172413,37.42044319561474
82.75862068965517,86.20689655172413,37.43779210214418
86.20689655172413,86.20689655172413,37.45009730885141
89.6551724137931,86.20689655172413,37.45882177140875
93.10344827586206,86.20689655172413,37.465005779029156
96.55172413793103,86.20689655172413,37.469388233332566
100.0,86.20689655172413,37.472493545605076
0.0,89.6551724137931,17.66792097740977
3.4482758620689653,89.6551724137931,18.59510515903742
6.896551724137931,89.6551724137931,19.765511055397226
10.344827586206897,89.6551724137931,21.190790756232918
13.793103448275861,89.6551724137931,22.852409100428503
17.241379310344826,89.6551724137931,24.693897281999384
20.689655172413794,89.6551724137931,26.623632581649012
24.137931034482758,89.6551724137931,28.530788726456937
27.586206896551722,89.6551724137931,30.309574635267097
31.034482758620687,89.6551724137931,31.881232377270184
34.48275862068965,89.6551724137931,33.20484650905142
37.93103448275862,89.6551724137931,34.27527054002369
41.37931034482759,89.6551724137931,35.112905783531644
44.82758620689655,89.6551724137931,35.751651118440805
48.275862068965516,89.6551724137931,36.229195445658306
51.72413793103448,89.6551724137931,36.580969577257804
55.172413793103445,89.6551724137931,36.83727872781793
58.62068965517241,89.6551724137931,37.02254580887693
62.068965517241374,89.6551724137931,37.15569062917123
65.51724137931033,89.6551724137931,37.25098040942106
68.9655172413793,89.6551724137931,37.318975340899705
72.41379310344827,89.6551724137931,37.36739085659935
75.86206896551724,89.6551724137931,37.40181282796696
79.3103448275862,89.6551724137931,37.4262595039863
82.75862068965517,89.6551724137931,37.443608410515736
86.20689655172413,89.6551724137931,37.455913617222976
89.6551724137931,89.6551724137931,37.464638079780315
93.10344827586206,89.6551724137931,37.47082208740071
96.55172413793103,89.6551724137931,37.47520454170413
100.0,89.6551724137931,37.47830985397663
0.0,93.10344827586206,17.672043649156702
3.4482758620689653,93.10344827586206,18.59922783078435
6.896551724137931,93.10344827586206,19.769633727144154
10.344827586206897,93.10344827586206,21.19491342797985
13.793103448275861,93.10344827586206,22.856531772175433
17.241379310344826,93.10344827586206,24.69801995374631
20.689655172413794,93.10344827586206,26.627755253395947
24.137931034482758,93.10344827586206,28.534911398203867
27.586206896551722,93.10344827586206,30.313697307014024
31.034482758620687,93.10344827586206,31.885355049017114
34.48275862068965,93.10344827586206,33.20896918079835
37.93103448275862,93.10344827586206,34.279393211770625
41.37931034482759,93.10344827586206,35.11702845527858
44.82758620689655,93.10344827586206,35.75577379018773
48.275862068965516,93.10344827586206,36.23331811740523
51.72413793103448,93.10344827586206,36.58509224900473
55.172413793103445,93.10344827586206,36.84140139956486
58.62068965517241,93.10344827586206,37.026668480623854
62.068965517241374,93.10344827586206,37.15981330091817
65.51724137931033,93.10344827586206,37.25510308116799
68.9655172413793,93.10344827586206,37.32309801264664
72.41379310344827,93.10344827586206,37.371513528346284
75.86206896551724,93.10344827586206,37.40593549971389
79.3103448275862,93.10344827586206,37.43038217573323
82.75862068965517,93.10344827586206,37.44773108226267
86.20689655172413,93.10344827586206,37.4600362889699
89.6551724137931,93.10344827586206,37.46876075152724
93.10344827586206,93.10344827586206,37.47494475914765
96.55172413793103,93.10344827586206,37.47932721345106
100.0,93.10344827586206,37.48243252572357
0.0,96.55172413793103,17.674965285358983
3.4482758620689653,96.55172413793103,18.60214946698663
6.896551724137931,96.55172413793103,19.772555363346434
10.344827586206897,96.55172413793103,21.19783506418213
13.793103448275861,96.55172413793103,22.859453408377714
17.241379310344826,96.55172413793103,24.70094158994859
20.689655172413794,96.55172413793103,26.630676889598227
24.137931034482758,96.55172413793103,28.537833034406148
27.586206896551722,96.55172413793103,30.316618943216305
31.034482758620687,96.55172413793103,31.888276685219395
34.48275862068965,96.55172413793103,33.211890817000636
37.93103448275862,96.55172413793103,34.2823148479729
41.37931034482759,96.55172413793103,35.11995009148086
44.82758620689655,96.55172413793103,35.75869542639002
48.275862068965516,96.55172413793103,36.23623975360752
51.72413793103448,96.55172413793103,36.58801388520701
55.172413793103445,96.55172413793103,36.84432303576714
58.62068965517241,96.55172413793103,37.02959011682614
62.068965517241374,96.55172413793103,37.16273493712045
65.51724137931033,96.55172413793103,37.25802471737027
68.9655172413793,96.55172413793103,37.32601964884891
72.41379310344827,96.55172413793103,37.37443516454856
75.86206896551724,96.55172413793103,37.408857135916165
79.3103448275862,96.55172413793103,37.43330381193552
82.75862068965517,96.55172413793103,37.45065271846495
86.20689655172413,96.55172413793103,37.462957925172184
89.6551724137931,96.55172413793103,37.47168238772953
93.10344827586206,96.55172413793103,37.47786639534992
96.55172413793103,96.55172413793103,37.482248849653345
100.0,96.55172413793103,37.48535416192584
0.0,100.0,17.67703549354065
3.4482758620689653,100.0,18.6042196751683
6.896551724137931,100.0,19.774625571528105
10.344827586206897,100.0,21.199905272363797
13.793103448275861,100.0,22.86152361655938
17.241379310344826,100.0,24.703011798130262
20.689655172413794,100.0,26.63274709777989
24.137931034482758,100.0,28.539903242587815
27.586206896551722,100.0,30.318689151397976
31.034482758620687,100.0,31.890346893401063
34.48275862068965,100.0,33.2139610251823
37.93103448275862,100.0,34.28438505615457
41.37931034482759,100.0,35.12202029966252
44.82758620689655,100.0,35.76076563457168
48.275862068965516,100.0,36.238309961789184
51.72413793103448,100.0,36.59008409338868
55.172413793103445,100.0,36.84639324394881
58.62068965517241,100.0,37.031660325007806
62.068965517241374,100.0,37.16480514530211
65.51724137931033,100.0,37.26009492555194
68.9655172413793,100.0,37.328089857030584
72.41379310344827,100.0,37.37650537273023
75.86206896551724,100.0,37.410927344097836
79.3103448275862,100.0,37.43537402011718
82.75862068965517,100.0,37.452722926646615
86.20689655172413,100.0,37.465028133353854
89.6551724137931,100.0,37.47375259591119
93.10344827586206,100.0,37.47993660353159
96.55172413793103,100.0,37.48431905783501
100.0,100.0,37.48742437010751
